{
    "feature_names": [
        "PM2.5",
        "PM10",
        "temperature",
        "humidity",
        "pressure",
        "wind_speed",
        "precipitation",
        "dayofweek",
        "month",
        "day"
    ],
    "mean": [
        7.103342391304347,
        7.963197278911564,
        2.2461956521739124,
        73.47554347826087,
        977.5495923913044,
        14.004619565217391,
        1.2114130434782608,
        2.9782608695652173,
        5.6521739130434785,
        16.160326086956523
    ],
    "scale": [
        10.51396777853088,
        10.60684892242375,
        14.381169250279981,
        13.286943972916193,
        9.607906891402264,
        5.6719614894565415,
        2.9566303828343905,
        1.9835095207494193,
        3.729829179585131,
        8.663005547213888
    ]
}